Datetime,Water Level (m)
2026-04-22 18:00:00,0.6905541
2026-04-22 19:00:00,1.1146667
2026-04-22 20:00:00,1.1848327
2026-04-22 21:00:00,0.8887234
2026-04-22 22:00:00,0.3543913
2026-04-22 23:00:00,-0.28451186
2026-04-23 00:00:00,-0.86336195
2026-04-23 01:00:00,-1.2958889
2026-04-23 02:00:00,-1.479969
2026-04-23 03:00:00,-1.269024
2026-04-23 04:00:00,-0.7013281
2026-04-23 05:00:00,-0.023848051
2026-04-23 06:00:00,0.6026538
2026-04-23 07:00:00,1.0997992
2026-04-23 08:00:00,1.3638954
2026-04-23 09:00:00,1.2893122
2026-04-23 10:00:00,0.9125068
2026-04-23 11:00:00,0.37214813
2026-04-23 12:00:00,-0.1802961
2026-04-23 13:00:00,-0.6529165
2026-04-23 14:00:00,-0.97763115
2026-04-23 15:00:00,-1.0912064
2026-04-23 16:00:00,-0.9384138
2026-04-23 17:00:00,-0.54778093
2026-04-23 18:00:00,-0.05773185
2026-04-23 19:00:00,0.40978432
2026-04-23 20:00:00,0.7491386
2026-04-23 21:00:00,0.8501676
2026-04-23 22:00:00,0.6666373
2026-04-23 23:00:00,0.2771137
2026-04-24 00:00:00,-0.20884684
2026-04-24 01:00:00,-0.675245
2026-04-24 02:00:00,-1.0275999
2026-04-24 03:00:00,-1.177387
2026-04-24 04:00:00,-1.0473762
2026-04-24 05:00:00,-0.6383889
2026-04-24 06:00:00,-0.12266725
2026-04-24 07:00:00,0.3892617
2026-04-24 08:00:00,0.8429764
2026-04-24 09:00:00,1.1246448
2026-04-24 10:00:00,1.1314065
2026-04-24 11:00:00,0.88021296
2026-04-24 12:00:00,0.45922747
2026-04-24 13:00:00,-0.024011413
2026-04-24 14:00:00,-0.4748587
2026-04-24 15:00:00,-0.7993844
2026-04-24 16:00:00,-0.95763195
2026-04-24 17:00:00,-0.9222975
2026-04-24 18:00:00,-0.6687093
2026-04-24 19:00:00,-0.28007352
2026-04-24 20:00:00,0.13897562
2026-04-24 21:00:00,0.5036884
2026-04-24 22:00:00,0.72494864
2026-04-24 23:00:00,0.7211805
2026-04-25 00:00:00,0.5015649
2026-04-25 01:00:00,0.14168583
2026-04-25 02:00:00,-0.2545245
2026-04-25 03:00:00,-0.6307235
2026-04-25 04:00:00,-0.91225374
2026-04-25 05:00:00,-1.0096351
2026-04-25 06:00:00,-0.8359113
2026-04-25 07:00:00,-0.43036935
2026-04-25 08:00:00,0.08264053
2026-04-25 09:00:00,0.61184627
2026-04-25 10:00:00,1.041406
2026-04-25 11:00:00,1.2309697
2026-04-25 12:00:00,1.1237608
2026-04-25 13:00:00,0.7750412
2026-04-25 14:00:00,0.2870207
2026-04-25 15:00:00,-0.22014974
2026-04-25 16:00:00,-0.6568685
2026-04-25 17:00:00,-0.95833755
2026-04-25 18:00:00,-1.0635723
2026-04-25 19:00:00,-0.90378696
2026-04-25 20:00:00,-0.5182786
2026-04-25 21:00:00,-0.055015355
2026-04-25 22:00:00,0.410559
2026-04-25 23:00:00,0.7780732
2026-04-26 00:00:00,0.9449304
2026-04-26 01:00:00,0.85769975
2026-04-26 02:00:00,0.5465931
2026-04-26 03:00:00,0.09468072
2026-04-26 04:00:00,-0.37418917
2026-04-26 05:00:00,-0.7547291
2026-04-26 06:00:00,-0.9459804
2026-04-26 07:00:00,-0.85010046
2026-04-26 08:00:00,-0.45026886
2026-04-26 09:00:00,0.08040904
2026-04-26 10:00:00,0.6235472
2026-04-26 11:00:00,1.0875444
2026-04-26 12:00:00,1.353798
2026-04-26 13:00:00,1.3503875
2026-04-26 14:00:00,1.0800037
2026-04-26 15:00:00,0.6091798
2026-04-26 16:00:00,0.035362825
2026-04-26 17:00:00,-0.51376384
2026-04-26 18:00:00,-0.9383122
2026-04-26 19:00:00,-1.1551199
2026-04-26 20:00:00,-1.0402817
2026-04-26 21:00:00,-0.5401723
2026-04-26 22:00:00,0.079476655
2026-04-26 23:00:00,0.6673576
2026-04-27 00:00:00,1.1376538
2026-04-27 01:00:00,1.3738962
2026-04-27 02:00:00,1.2791709
2026-04-27 03:00:00,0.9178853
2026-04-27 04:00:00,0.40701145
2026-04-27 05:00:00,-0.16024554
2026-04-27 06:00:00,-0.6606879
2026-04-27 07:00:00,-0.9602753
2026-04-27 08:00:00,-0.89755684
2026-04-27 09:00:00,-0.42744312
2026-04-27 10:00:00,0.20450349
2026-04-27 11:00:00,0.86644673
2026-04-27 12:00:00,1.3386239
2026-04-27 13:00:00,1.5023354
2026-04-27 14:00:00,1.362294
2026-04-27 15:00:00,0.9855502
2026-04-27 16:00:00,0.48094758
2026-04-27 17:00:00,-0.14475608
2026-04-27 18:00:00,-0.652274
2026-04-27 19:00:00,-0.98518914
2026-04-27 20:00:00,-1.1724787
2026-04-27 21:00:00,-0.99515903
2026-04-27 22:00:00,-0.4590307
2026-04-27 23:00:00,0.22648484
2026-04-28 00:00:00,0.8585651
2026-04-28 01:00:00,1.3023052
2026-04-28 02:00:00,1.4863652
2026-04-28 03:00:00,1.3497508
2026-04-28 04:00:00,0.9108851
2026-04-28 05:00:00,0.31299254
2026-04-28 06:00:00,-0.28778124
2026-04-28 07:00:00,-0.77907276
2026-04-28 08:00:00,-1.0586078
2026-04-28 09:00:00,-1.0142143
2026-04-28 10:00:00,-0.48663232
2026-04-28 11:00:00,0.2653043
2026-04-28 12:00:00,0.9972305
2026-04-28 13:00:00,1.5928909
2026-04-28 14:00:00,1.8120468
2026-04-28 15:00:00,1.583067
2026-04-28 16:00:00,1.008465
2026-04-28 17:00:00,0.2492562
2026-04-28 18:00:00,-0.5134881
